{
    "Yi-1.5": {
        "6.0B": {
            "mmlu": {
                "acc": 0.6276883634809857
            },
            "tinyMMLU": {
                "acc": 0.652289820136085
            },
            "delta": 0.024601456655099385
        },
        "9.0B": {
            "mmlu": {
                "acc": 0.6839481555333998
            },
            "tinyMMLU": {
                "acc": 0.7425082163785829
            },
            "delta": 0.05856006084518306
        }
    },
    "bloom": {
        "0.56B": {
            "mmlu": {
                "acc": 0.2299529981484119
            },
            "tinyMMLU": {
                "acc": 0.29252328716626874
            },
            "delta": 0.06257028901785683
        },
        "1.1B": {
            "mmlu": {
                "acc": 0.24035037743911125
            },
            "tinyMMLU": {
                "acc": 0.3010527192280794
            },
            "delta": 0.06070234178896816
        },
        "1.7B": {
            "mmlu": {
                "acc": 0.25345392394245836
            },
            "tinyMMLU": {
                "acc": 0.32242191113075996
            },
            "delta": 0.0689679871883016
        },
        "3.0B": {
            "mmlu": {
                "acc": 0.2593647628542943
            },
            "tinyMMLU": {
                "acc": 0.3046361815020503
            },
            "delta": 0.04527141864775602
        },
        "7.1B": {
            "mmlu": {
                "acc": 0.2639225181598063
            },
            "tinyMMLU": {
                "acc": 0.30572584220409466
            },
            "delta": 0.04180332404428838
        }
    },
    "pythia": {
        "0.07B": {
            "mmlu": {
                "acc": 0.22959692351516878
            },
            "tinyMMLU": {
                "acc": 0.3140600501289459
            },
            "delta": 0.08446312661377711
        },
        "0.16B": {
            "mmlu": {
                "acc": 0.23009542800170915
            },
            "tinyMMLU": {
                "acc": 0.2728508747777333
            },
            "delta": 0.042755446776024136
        },
        "0.41B": {
            "mmlu": {
                "acc": 0.2337986041874377
            },
            "tinyMMLU": {
                "acc": 0.29070446976529163
            },
            "delta": 0.05690586557785393
        },
        "1.0B": {
            "mmlu": {
                "acc": 0.23308645492095142
            },
            "tinyMMLU": {
                "acc": 0.26923896265860153
            },
            "delta": 0.03615250773765011
        },
        "1.4B": {
            "mmlu": {
                "acc": 0.24398233869819114
            },
            "tinyMMLU": {
                "acc": 0.32741005467065865
            },
            "delta": 0.08342771597246751
        },
        "2.8B": {
            "mmlu": {
                "acc": 0.2477567298105683
            },
            "tinyMMLU": {
                "acc": 0.29351073555476886
            },
            "delta": 0.04575400574420058
        },
        "6.9B": {
            "mmlu": {
                "acc": 0.2550206523287281
            },
            "tinyMMLU": {
                "acc": 0.28936477294698365
            },
            "delta": 0.034344120618255536
        },
        "12.0B": {
            "mmlu": {
                "acc": 0.2388548639794901
            },
            "tinyMMLU": {
                "acc": 0.30031691749868283
            },
            "delta": 0.06146205351919273
        }
    },
    "gpt2": {
        "0.124B": {
            "mmlu": {
                "acc": 0.22924084888192564
            },
            "tinyMMLU": {
                "acc": 0.29711878513128276
            },
            "delta": 0.06787793624935712
        },
        "0.355B": {
            "mmlu": {
                "acc": 0.23180458624127617
            },
            "tinyMMLU": {
                "acc": 0.2927750508260582
            },
            "delta": 0.06097046458478203
        },
        "0.774B": {
            "mmlu": {
                "acc": 0.23123486682808717
            },
            "tinyMMLU": {
                "acc": 0.3162257837262001
            },
            "delta": 0.08499091689811292
        },
        "1.5B": {
            "mmlu": {
                "acc": 0.25573280159521433
            },
            "tinyMMLU": {
                "acc": 0.2963450450854722
            },
            "delta": 0.04061224349025788
        }
    },
    "Qwen1.5": {
        "0.5B": {
            "mmlu": {
                "acc": 0.3662583677538812
            },
            "tinyMMLU": {
                "acc": 0.47641199229916115
            },
            "delta": 0.11015362454527994
        },
        "1.8B": {
            "mmlu": {
                "acc": 0.4539239424583393
            },
            "tinyMMLU": {
                "acc": 0.451130796250336
            },
            "delta": -0.0027931462080033054
        },
        "4.0B": {
            "mmlu": {
                "acc": 0.5420880216493377
            },
            "tinyMMLU": {
                "acc": 0.5758425871504246
            },
            "delta": 0.03375456550108691
        },
        "7.0B": {
            "mmlu": {
                "acc": 0.5979205241418601
            },
            "tinyMMLU": {
                "acc": 0.5926792187235694
            },
            "delta": -0.005241305418290709
        },
        "14.0B": {
            "mmlu": {
                "acc": 0.6570289132602194
            },
            "tinyMMLU": {
                "acc": 0.6779600473635192
            },
            "delta": 0.02093113410329983
        }
    }
}